employee,intervention,competency,phase,days_after,self_rating,manager_rating,behavior_score,objective_evidence,performance_outcome,opportunity_to_perform,manager_support,tool_access,peer_support,workflow_support
E01,analytics-workflow-training,applied_data_analysis,baseline,0,0.42,0.40,0.41,0.43,0.50,,,,,
E01,analytics-workflow-training,applied_data_analysis,followup,30,0.73,0.69,0.71,0.74,0.55,0.85,0.85,0.90,0.80,0.85
E01,analytics-workflow-training,applied_data_analysis,followup,60,0.71,0.70,0.70,0.72,0.56,0.85,0.85,0.90,0.80,0.85
E01,analytics-workflow-training,applied_data_analysis,followup,90,0.70,0.68,0.69,0.71,0.56,0.85,0.85,0.90,0.80,0.85
E02,analytics-workflow-training,applied_data_analysis,baseline,0,0.44,0.43,0.45,0.46,0.48,,,,,
E02,analytics-workflow-training,applied_data_analysis,followup,30,0.70,0.68,0.72,0.71,0.49,0.30,0.80,0.90,0.75,0.80
E03,analytics-workflow-training,applied_data_analysis,baseline,0,0.49,0.48,0.50,0.51,0.52,,,,,
E03,analytics-workflow-training,applied_data_analysis,followup,30,0.76,0.73,0.75,0.74,0.57,0.75,0.65,0.85,0.70,0.70
E03,analytics-workflow-training,applied_data_analysis,followup,90,0.60,0.53,0.55,0.56,0.54,0.58,0.42,0.85,0.55,0.48
